trt,lim,cID,seq-ID,time,flow.syn,flow.het
T,N,NL2,134NL2,8,1.93E+07,7.55E+07
T,N,NL2,149NL2,23,5.99E+05,1.14E+08
T,N,NL2,170NL2,44,1.74E+05,1.04E+08
T,N,NL2,184NL2,58,1.58E+07,2.33E+08
T,N,NL2,198NL2,72,9.90E+06,4.24E+07
T,N,NL2,217NL2,91,3.51E+07,8.92E+07
T,N,NL2,228NL2,102,3.39E+07,6.03E+07
T,N,NL2,233NL2,107,1.53E+07,7.22E+07
T,N,NL2,245NL2,119,3.11E+07,8.66E+07
T,N,NL2,257NL2,129,2.09E+07,4.75E+07
T,N,NL3,134NL3,8,1.08E+07,1.37E+08
T,N,NL3,149NL3,23,4.24E+05,1.89E+08
T,N,NL3,170NL3,44,3.49E+05,1.19E+08
T,N,NL3,184NL3,58,1.92E+07,2.67E+08
T,N,NL3,198NL3,72,3.53E+07,9.25E+07
T,N,NL3,217NL3,91,3.56E+07,1.06E+08
T,N,NL3,228NL3,102,7.46E+07,1.32E+08
T,N,NL3,233NL3,107,9.05E+06,6.88E+07
T,N,NL3,245NL3,119,1.41E+07,8.58E+07
T,N,NL3,257NL3,129,1.36E+07,4.16E+07
T,N,NL5,134NL5,8,4.24E+07,1.30E+08
T,N,NL5,149NL5,23,5.94E+05,9.67E+07
T,N,NL5,170NL5,44,1.74E+05,1.02E+08
T,N,NL5,184NL5,58,2.15E+07,2.13E+08
T,N,NL5,198NL5,72,4.24E+07,6.71E+07
T,N,NL5,217NL5,91,3.34E+07,1.17E+08
T,N,NL5,228NL5,102,7.35E+06,5.86E+07
T,N,NL5,233NL5,107,4.07E+07,8.41E+07
T,N,NL5,245NL5,119,1.98E+06,3.48E+07
T,N,NL5,257NL5,129,3.34E+06,6.20E+07
